{"widgetType":"wigt-pb-text","widgetStyling":"/* Custom CSS for widget here. */","widgetMtop":"0","widgetMleft":"0","widgetMbottom":"0","widgetMright":"0","widgetPtop":"0","widgetPleft":"0","widgetPbottom":"0","widgetPright":"0","widgetPaddingTablet":{"rPTT":"","rPBT":"","rPLT":"","rPRT":""},"widgetPaddingMobile":{"rPTM":"","rPBM":"","rPLM":"","rPRM":""},"widgetMarginTablet":{"rMTT":"","rMBT":"","rMLT":"","rMRT":""},"widgetMarginMobile":{"rMTM":"","rMBM":"","rMLM":"","rMRM":""},"widgetBgColor":"transparent","widgetAnimation":"","widgetBorderWidth":"","widgetBorderStyle":null,"widgetBorderColor":"","widgetBoxShadowH":"","widgetBoxShadowV":"","widgetBoxShadowBlur":"","widgetBoxShadowColor":"","widgetIsInline":null,"widgetIsInlineTablet":null,"widgetIsInlineMobile":null,"widgetCustomClass":"","widgBgImg":"","widgBackgroundType":"solid","widgGradient":{"widgGradientColorFirst":"#dd9933","widgGradientLocationFirst":"55","widgGradientColorSecond":"#eeee22","widgGradientLocationSecond":"50","widgGradientType":"linear","widgGradientPosition":"top left","widgGradientAngle":"135"},"widgHoverOptions":{"widgBgColorHover":"","widgHoverTransitionDuration":"","widgetHoverAnimation":"","widgGradientHover":{"widgGradientColorFirstHover":"","widgGradientLocationFirstHover":"","widgGradientColorSecondHover":"","widgGradientLocationSecondHover":"","widgGradientTypeHover":"linear","widgGradientPositionHover":"top left","widgGradientAngleHover":""}},"widgHideOnDesktop":null,"widgHideOnTablet":null,"widgHideOnMobile":null,"widgetText":{"widgetTextContent":"This is a text block, Double click on it to start editing it. Lorem ipsum dolor sit amet, consectetur adipiscing elit, sed do eiusmod tempor incididunt ut labore et dolore magna aliqua. Ut enim ad minim veniam.","widgetTextAlignment":"left","widgetTextAlignmentTablet":null,"widgetTextAlignmentMobile":null,"widgetTextTag":"p","widgetTextColor":"#595959","widgetTextSize":"15","widgetTextFamily":"Helvetica","widgetTextWeight":"","widgetTextTransform":null,"widgetTextLineHeight":"","widgetTextSpacing":"","widgetTextBold":false,"widgetTextItalic":false,"widgetTextUnderlined":false,"widgetTextSizeTablet":"16","widgetTextSizeMobile":"15","widgetTextLineHeightTablet":"","widgetTextLineHeightMobile":"","widgetTextSpacingTablet":"","widgetTextSpacingMobile":""},"widgetBorderRadius":""}