{"widgetType":"wigt-pb-countdown","widgetStyling":"/* Custom CSS for widget here. */","widgetMtop":"0","widgetMleft":"0","widgetMbottom":"0","widgetMright":"0","widgetPtop":"0","widgetPleft":"0","widgetPbottom":"0","widgetPright":"0","widgetPaddingTablet":{"rPTT":"","rPBT":"","rPLT":"","rPRT":""},"widgetPaddingMobile":{"rPTM":"","rPBM":"","rPLM":"","rPRM":""},"widgetMarginTablet":{"rMTT":"","rMBT":"","rMLT":"","rMRT":""},"widgetMarginMobile":{"rMTM":"","rMBM":"","rMLM":"","rMRM":""},"widgetBgColor":"","widgetAnimation":"","widgetBorderWidth":"","widgetBorderStyle":null,"widgetBorderColor":"","widgetBoxShadowH":"","widgetBoxShadowV":"","widgetBoxShadowBlur":"","widgetBoxShadowColor":"","widgetIsInline":null,"widgetIsInlineTablet":null,"widgetIsInlineMobile":null,"widgetCustomClass":"countown-temp-24","widgBgImg":"","widgBackgroundType":"solid","widgGradient":{"widgGradientColorFirst":"#dd9933","widgGradientLocationFirst":"55","widgGradientColorSecond":"#eeee22","widgGradientLocationSecond":"50","widgGradientType":"linear","widgGradientPosition":"top left","widgGradientAngle":"135"},"widgHoverOptions":{"widgBgColorHover":"","widgHoverTransitionDuration":"","widgetHoverAnimation":"","widgGradientHover":{"widgGradientColorFirstHover":"","widgGradientLocationFirstHover":"","widgGradientColorSecondHover":"","widgGradientLocationSecondHover":"","widgGradientTypeHover":"linear","widgGradientPositionHover":"top left","widgGradientAngleHover":""}},"widgHideOnDesktop":null,"widgHideOnTablet":null,"widgHideOnMobile":null,"widgetCowntdown":{"pbCountDownDate":"2018/05/01","pbCountDownTimezone":"","pbCountDownLabel":"","pbCountDownColor":"#ffffff","pbCountDownLabelColor":"#ffffff","pbCountDownTextSize":"31","pbCountDownTextSizeTablet":"","pbCountDownTextSizeMobile":"","pbCountDownLabelTextSize":"8","pbCountDownLabelTextSizeTablet":"","pbCountDownLabelTextSizeMobile":"","pbCountDownLabelFontFamily":"","pbCountDownNumberFontFamily":"","pbCountDownType":"fixed","pbCountDownNumberBgColor":"rgba(51,51,51,0.63)","pbCountDownNumberBorderRadius":"3","pbCountDownHGap":"2","pbCountDownHGapTablet":"","pbCountDownHGapMobile":"","pbCountDownVGap":"","pbCountDownVGapTablet":"","pbCountDownVGapMobile":"","pbCountDownDateDays":"","pbCountDownDateHours":"","pbCountDownDateMins":"","pbCountDownDateSecs":"","daysText":"","hoursText":"","minutesText":"","secondsText":"","hideDays":null,"hideHours":null,"hideMinutes":null,"hideSeconds":null},"widgetBorderRadius":""}