{"widgetType":"wigt-pb-formBuilder","widgetStyling":"/* Custom CSS for widget here. */","widgetMtop":"2","widgetMleft":"15","widgetMbottom":"2","widgetMright":"15","widgetPtop":"0","widgetPleft":"0","widgetPbottom":"0","widgetPright":"0","widgetPaddingTablet":{"rPTT":"1.5","rPBT":"1.5","rPLT":"1.5","rPRT":"1.5"},"widgetPaddingMobile":{"rPTM":"1.5","rPBM":"1.5","rPLM":"1.5","rPRM":"1.5"},"widgetMarginTablet":{"rMTT":"0","rMBT":"0","rMLT":"0","rMRT":"0"},"widgetMarginMobile":{"rMTM":"0","rMBM":"0","rMLM":"0","rMRM":"0"},"widgetBgColor":"transparent","widgetAnimation":"","widgetBorderWidth":"","widgetBorderStyle":null,"widgetBorderColor":"","widgetBoxShadowH":"","widgetBoxShadowV":"","widgetBoxShadowBlur":"","widgetBoxShadowColor":"","widgetIsInline":null,"widgetIsInlineTablet":null,"widgetIsInlineMobile":null,"widgetCustomClass":"","widgBgImg":"","widgBackgroundType":"solid","widgGradient":{"widgGradientColorFirst":"#dd9933","widgGradientLocationFirst":"55","widgGradientColorSecond":"#eeee22","widgGradientLocationSecond":"50","widgGradientType":"linear","widgGradientPosition":"top left","widgGradientAngle":"135"},"widgHoverOptions":{"widgBgColorHover":"hsv(0, 0%, 0%)","widgHoverTransitionDuration":"","widgetHoverAnimation":"","widgGradientHover":{"widgGradientColorFirstHover":"hsv(0, 0%, 0%)","widgGradientLocationFirstHover":"","widgGradientColorSecondHover":"hsv(0, 0%, 0%)","widgGradientLocationSecondHover":"","widgGradientTypeHover":"linear","widgGradientPositionHover":"top left","widgGradientAngleHover":""}},"widgHideOnDesktop":null,"widgHideOnTablet":null,"widgHideOnMobile":null,"widgetFormBuilder":{"widgetPbFbFormFeilds":[{"fbFieldType":"text","thisFieldOptions":{"fbFieldLabel":"Name","fbFieldPlaceHolder":"Name","fbFieldRequired":"false","fbFieldWidth":"100","multiOptionFieldValues":"","fbtextareaRows":"5","displayFieldsInline":null,"fbFieldPreset":"","fbFieldName":""}},{"fbFieldType":"email","thisFieldOptions":{"fbFieldLabel":"Email","fbFieldPlaceHolder":"Email","fbFieldRequired":"true","fbFieldWidth":"100","multiOptionFieldValues":"","fbtextareaRows":"5","displayFieldsInline":null,"fbFieldPreset":"","fbFieldName":""}}],"widgetPbFbFormFeildOptions":{"formBuilderFieldSize":"medium","formBuilderFieldLabelDisplay":"none","formBuilderFieldBgColor":"#ffffff","formBuilderFieldColor":"hsv(0, 0%, 20%)","formBuilderFieldBorderColor":"#dddddd","formBuilderFieldBorderWidth":"1","formBuilderFieldBorderRadius":"3","formBuilderLabelSize":"18","formBuilderLabelSizeTablet":"","formBuilderLabelSizeMobile":"","formBuilderLabelColor":"hsv(0, 0%, 20%)","formBuilderFieldVGap":"","formBuilderFieldHGap":"","formBuilderFieldFontFamily":""},"widgetPbFbFormSubmitOptions":{"formBuilderBtnText":"Subscribe","formBuilderBtnSize":"large","formBuilderBtnWidth":"100","formBuilderBtnBgColor":"rgb(255, 154, 37)","formBuilderBtnColor":"#ffffff","formBuilderBtnHoverBgColor":"rgb(255, 110, 37)","formBuilderBtnHoverTextColor":"rgb(255, 255, 255)","formBuilderBtnFontSize":"25","formBuilderBtnFontSizeTablet":"","formBuilderBtnFontSizeMobile":"","formBuilderBtnBorderWidth":"0","formBuilderBtnBorderColor":"#d9534f","formBuilderBtnBorderRadius":"3","formBuilderBtnAlignment":"left","formBuilderBtnHGap":"","formBuilderBtnVGap":"","formBuilderbtnSelectedIcon":"","formBuilderbtnIconPosition":"before","formBuilderbtnIconGap":"","formBuilderbtnIconAnimation":"","formBuilderBtnFontFamily":""},"widgetPbFbFormEmailOptions":{"formEmailformName":"PluginOps Form","formEmailTo":"example@example.com","formEmailSubject":"PluginOps New Submission","formEmailFromEmail":"formBuilder@pluginops.com","formEmailName":"PluginOps","formEmailFormat":"plain","formSuccessMessage":"The form was sent successfully!","formSuccessAction":null,"formSuccessActionURL":"http://","formSuccessCustomAction":"","formDuplicateMessage":"","formFailureMessage":"","formFailureCustomAction":""},"widgetPbFbFormMailChimp":{"formBuilderEnableMailChimp":null,"formBuilderMCAccountName":"","formBuilderMCApiKey":"","formBuilderMCDoubleOptin":"false","formBuilderEnableGetResponse":"false","formBuilderGRAccountName":"","formBuilderGRApiKey":"","formBuilderEnableCM":"false","formBuilderCMAccountName":"","formBuilderCMApiKey":"","formBuilderEnableAC":"false","formBuilderACAccountName":"","formBuilderACApiKey":"","formBuilderACApiUrl":"","formBuilderEnableDrip":"false","formBuilderDripAccountName":"","formBuilderDripApiKey":"","formBuilderEnableAweber":"false","formBuilderAweberList":null,"formBuilderEnableConvertKit":"false","formBuilderConvertKitApiKey":"","formBuilderConvertKitAccountName":"","wfb_cWebHook":"false","wfb_cWebHookURL":"","wfb_cWebHookSuccResponse":"","fbgreCaptcha":"false","fbgreCSiteKey":"","fbgreCSiteSecret":""},"widgetPbFbFormAllowDuplicates":"true"},"borderRadius":{"wbrt":"","wbrb":"","wbrl":"","wbrr":""},"borderWidth":{"wbwt":"","wbwb":"","wbwl":"","wbwr":""}}
