{"widgetType":"wigt-btn-gen","widgetStyling":"/* Custom CSS for widget here. */","widgetMtop":"0","widgetMleft":"0","widgetMbottom":"0","widgetMright":"0","widgetPtop":"0","widgetPleft":"0","widgetPbottom":"0","widgetPright":"0","widgetPaddingTablet":{"rPTT":"","rPBT":"","rPLT":"","rPRT":""},"widgetPaddingMobile":{"rPTM":"","rPBM":"","rPLM":"","rPRM":""},"widgetMarginTablet":{"rMTT":"","rMBT":"","rMLT":"","rMRT":""},"widgetMarginMobile":{"rMTM":"","rMBM":"","rMLM":"","rMRM":""},"widgetBgColor":"transparent","widgetAnimation":"","widgetBorderWidth":"","widgetBorderStyle":null,"widgetBorderColor":"","widgetBoxShadowH":"","widgetBoxShadowV":"","widgetBoxShadowBlur":"","widgetBoxShadowColor":"","widgetIsInline":null,"widgetIsInlineTablet":null,"widgetIsInlineMobile":null,"widgetCustomClass":"","widgBgImg":"","widgBackgroundType":"solid","widgGradient":{"widgGradientColorFirst":"#dd9933","widgGradientLocationFirst":"55","widgGradientColorSecond":"#eeee22","widgGradientLocationSecond":"50","widgGradientType":"linear","widgGradientPosition":"top left","widgGradientAngle":"135"},"widgHoverOptions":{"widgBgColorHover":"","widgHoverTransitionDuration":"","widgetHoverAnimation":"","widgGradientHover":{"widgGradientColorFirstHover":"","widgGradientLocationFirstHover":"","widgGradientColorSecondHover":"","widgGradientLocationSecondHover":"","widgGradientTypeHover":"linear","widgGradientPositionHover":"top left","widgGradientAngleHover":""}},"widgHideOnDesktop":null,"widgHideOnTablet":null,"widgHideOnMobile":null,"widgetButton":{"btnText":"Subscribe","btnLink":"https://pluginops.com/page-builder/?ref=LPBTempButton","btnTextColor":"#ffffff","btnFontSize":"16","btnFontSizeTablet":"","btnFontSizeMobile":"","btnBgColor":"#df1d22","btnWidthPercent":"220","btnWidthPercentTablet":"","btnWidthPercentMobile":"","btnWidthUnit":"px","btnWidthUnitTablet":"%","btnWidthUnitMobile":"%","btnHeight":"15","btnHeightTablet":"","btnHeightMobile":"","btnHoverBgColor":"#df1d22","btnHoverTextColor":"#ffffff","btnBlankAttr":"_self","btnBorderColor":"#df1d22","btnBorderWidth":"0","btnBorderRadius":"50","btnButtonAlignment":"center","btnButtonAlignmentTablet":null,"btnButtonAlignmentMobile":null,"btnButtonFontFamily":"Archivo+Black","btnSelectedIcon":"fa fa-youtube-play","btnIconPosition":"after","btnIconAnimation":"flash","btnIconGap":"2"}}